x, y
5.046247859574413e-10, 1795.351604331099
7.661676730983738e-10, 1664.1335818823623
1.006148034154321e-9, 1564.54210129695
1.5536966895109827e-9, 1426.0421211279895
1.7886760099595735e-9, 1297.441795898941
1.1483280368270657e-9, 1111.2521318367508
1.283467664012645e-9, 1023.5116804822909
1.9525770588023786e-9, 946.2658152540356
2.3492411980801477e-9, 902.7644469123071
2.990767492062808e-9, 811.0260579859596
3.8395764293767774e-9, 739.0631816919843
4.077924780231793e-9, 702.9865545551897
3.6778352331580224e-9, 617.7210169357078
3.9490556922337186e-9, 509.6101217625828
4.47359630164203e-9, 437.3378812517351
6.52433415116862e-9, 360.71074445722434
8.89121857947027e-9, 296.5771625748621